Ticker,Fiscal Quarter,Earnings Date,Earnings Date (yfinance),Date Check,Date Added,Earnings Timing,Price,EPS (TTM),EPS Estimate,Reported EPS,EPS Surprise (%),P/E,Forward P/E,Market Cap,Beta,1D Return,3D Return,5D Return,7D Return,10D Return,Return to Today,1W High Return,1W Low Return,1W Range,1W High Price,1W Low Price,Company Name,Sector
TGS,,2025-11-03 00:00:00,2025-11-06,OK,,,30.5,2.26,0.36,0.51,41.67,13.15,12.76,2060000000.0,0.78,-0.027,-0.042,-0.031,0.001,-0.018,-0.053,0.001,-0.061,0.062,30.53,28.63,Transportadora de Gas del Sur S.A.,Energy
RYAAY,Q2 FY26,2025-11-03 00:00:00,2025-11-03,OK,,BMO,62.07,4.2,3.63,3.71,2.29,15.38,11.85,34110000000.0,1.26,0.034,0.011,0.032,0.039,-0.018,0.1,0.039,0.011,0.028,64.5,62.74,Ryanair Holdings plc,Industrials
QRVO,Q2 FY26,2025-11-03 00:00:00,2025-11-03,OK,,AMC,93.58,2.32,2.11,2.22,5.12,37.8,12.38,8090000000.0,1.36,-0.065,-0.069,-0.072,-0.061,-0.128,-0.144,-0.041,-0.082,0.041,89.7,85.9,"Qorvo, Inc.",Technology
NOVT,Q3 FY25,2025-11-03 00:00:00,2025-11-03,OK,,AMC,135.86,1.46,0.82,0.87,6.53,88.42,34.24,4650000000.0,1.58,-0.048,-0.211,-0.235,-0.187,-0.243,-0.009,-0.025,-0.235,0.21,132.48,104.0,Novanta Inc.,Technology
IDXX,Q3 FY25,2025-11-03 00:00:00,2025-11-03,OK,,BMO,629.51,12.61,3.15,3.4,8.08,57.24,50.26,57770000000.0,1.67,0.147,0.134,0.127,0.134,0.063,0.136,0.147,0.125,0.022,722.12,708.45,"IDEXX Laboratories, Inc.",Healthcare
HLIO,Q3 FY25,2025-11-03 00:00:00,2025-11-03,OK,,AMC,56.49,1.01,0.44,0.31,-29.55,54.67,19.95,1840000000.0,1.3,-0.02,-0.01,-0.047,-0.062,-0.076,0.134,0.007,-0.062,0.069,56.87,53.0,"Helios Technologies, Inc.",Industrials
PCH,Q3 FY25,2025-11-03 00:00:00,2025-11-03,OK,,AMC,38.62,0.82,0.18,0.36,97.77,50.6,60.88,3200000000.0,1.11,-0.003,0.035,0.045,0.022,-0.016,0.175,0.06,-0.003,0.063,40.94,38.51,PotlatchDeltic Corporation,Real Estate
UFPT,Q3 FY25,2025-11-03 00:00:00,2025-11-03,OK,,AMC,199.05,8.63,2.03,2.11,3.81,26.2,21.51,1740000000.0,1.07,0.121,0.119,0.178,0.192,0.119,0.309,0.234,0.119,0.115,245.61,222.77,"UFP Technologies, Inc.",Healthcare
CTRA,Q3 FY25,2025-11-03 00:00:00,2025-11-03,OK,,AMC,24.18,2.17,0.43,0.41,-4.77,12.26,9.73,20230000000.0,0.31,0.06,0.081,0.082,0.071,0.074,0.063,0.098,0.056,0.043,26.56,25.53,Coterra Energy Inc.,Energy
FLYW,Q3 FY25,2025-11-04 00:00:00,2025-11-04,OK,,AMC,13.81,-0.03,0.35,0.37,5.8,,42.86,1660000000.0,1.28,0.013,-0.018,-0.005,0.002,-0.02,-0.001,0.013,-0.02,0.033,13.99,13.54,Flywire Corporation,Technology
MAR,Q3 FY25,2025-11-04 00:00:00,2025-11-04,OK,,BMO,263.27,9.47,2.39,2.47,3.46,30.75,25.77,78130000000.0,1.15,0.073,0.103,0.106,0.089,0.072,0.238,0.106,0.065,0.041,291.21,280.48,"Marriott International, Inc.",Consumer Cyclical
UFCS,Q3 FY25,2025-11-04 00:00:00,2025-11-04,OK,,AMC,30.76,4.24,0.72,1.5,108.33,8.33,10.55,901420000.0,0.44,0.147,0.143,0.185,0.186,0.197,0.151,0.198,0.138,0.061,36.87,34.99,"United Fire Group, Inc.",Financial Services
HG,Q3 FY25,2025-11-04 00:00:00,2025-11-04,OK,,AMC,23.59,4.39,0.67,1.2,78.61,5.95,6.24,2570000000.0,0.66,0.102,0.106,0.113,0.111,0.113,0.109,0.123,0.089,0.035,26.5,25.68,"Hamilton Insurance Group, Ltd.",Financial Services
BVS,Q3 FY25,2025-11-04 00:00:00,2025-11-04,OK,,BMO,6.56,0.11,0.12,0.15,30.43,66.34,10.35,616590000.0,0.77,0.125,0.136,0.174,0.154,0.066,0.209,0.174,0.125,0.049,7.7,7.38,Bioventus Inc.,Healthcare
CLOV,Q3 FY25,2025-11-04 00:00:00,2025-11-04,OK,,AMC,3.52,-0.09,0.02,0.0,-83.5,,83.79,1800000000.0,2.22,-0.158,-0.241,-0.276,-0.298,-0.332,-0.278,-0.158,-0.298,0.141,2.96,2.47,"Clover Health Investments, Corp.",Healthcare
MPLX,Q3 FY25,2025-11-04 00:00:00,2025-11-04,OK,,BMO,49.79,4.72,1.08,1.52,41.38,10.87,11.39,52140000000.0,0.54,0.014,0.03,0.045,0.043,0.062,0.136,0.054,0.013,0.041,52.47,50.45,MPLX LP,Energy
EXPD,Q3 FY25,2025-11-04 00:00:00,2025-11-04,OK,,BMO,121.82,6.14,1.39,1.64,17.6,22.37,23.23,18420000000.0,1.13,0.126,0.122,0.139,0.13,0.142,0.333,0.149,0.099,0.05,139.94,133.83,"Expeditors International of Washington, Inc.",Industrials
AUPH,Q3 FY25,2025-11-04 00:00:00,2025-11-04,OK,,BMO,13.17,0.56,0.16,0.23,43.75,26.04,15.63,1930000000.0,1.44,0.097,0.109,0.191,0.156,0.177,0.128,0.191,0.059,0.131,15.68,13.95,Aurinia Pharmaceuticals Inc.,Healthcare
BLD,Q3 FY25,2025-11-04 00:00:00,2025-11-04,OK,,BMO,422.5,20.3,5.18,5.04,-2.63,20.64,19.34,11790000000.0,1.68,-0.04,0.0,0.026,0.005,-0.025,0.169,0.041,-0.04,0.081,439.97,405.63,TopBuild Corp.,Industrials
MDGL,Q3 FY25,2025-11-04 00:00:00,2025-11-04,OK,,BMO,412.35,-13.01,-2.49,-5.08,-104.34,,134.8,11110000000.0,-1.03,0.154,0.187,0.313,0.249,0.356,0.217,0.313,0.154,0.159,541.5,475.87,"Madrigal Pharmaceuticals, Inc.",Healthcare
TDC,Q3 FY25,2025-11-04 00:00:00,2025-11-04,OK,,AMC,20.71,1.22,0.54,0.72,34.31,22.6,11.05,2570000000.0,0.52,0.326,0.333,0.354,0.303,0.294,0.437,0.366,0.303,0.064,28.3,26.98,Teradata Corporation,Technology
AVNW,Q1 FY26,2025-11-04 00:00:00,2025-11-04,OK,,AMC,24.21,0.09,0.28,0.43,50.88,266.04,7.45,309940000.0,0.91,0.004,-0.058,-0.061,-0.09,-0.138,-0.075,0.004,-0.09,0.094,24.3,22.02,"Aviat Networks, Inc.",Technology
BHE,Q3 FY25,2025-11-04 00:00:00,2025-11-04,OK,,AMC,42.83,1.05,0.57,0.62,8.14,41.01,16.91,1540000000.0,1.05,0.086,0.026,0.048,0.005,-0.012,0.155,0.086,0.005,0.081,46.52,43.03,"Benchmark Electronics, Inc.",Technology
KGS,Q3 FY25,2025-11-04 00:00:00,2025-11-04,OK,,AMC,36.27,0.89,0.56,-0.17,-130.25,40.78,15.92,3140000000.0,1.22,-0.065,-0.069,-0.059,-0.08,-0.073,0.04,-0.055,-0.08,0.025,34.27,33.37,"Kodiak Gas Services, Inc.",Energy
MEC,Q3 FY25,2025-11-04 00:00:00,2025-11-04,OK,,AMC,17.99,0.85,0.01,0.1,1029.94,21.26,31.15,365510000.0,1.12,-0.103,-0.08,-0.074,-0.099,-0.142,0.037,-0.063,-0.103,0.041,16.86,16.13,"Mayville Engineering Company, Inc.",Industrials
PAM,Q3 FY25,2025-11-04 00:00:00,2025-11-04,OK,,AMC,87.48,8.54,1.75,2.01,14.97,10.24,9.88,4760000000.0,1.14,-0.0,-0.011,0.002,-0.006,0.016,-0.089,0.018,-0.011,0.029,89.06,86.51,Pampa Energía S.A.,Utilities
OUST,Q3 FY25,2025-11-04 00:00:00,2025-11-04,OK,,AMC,27.68,-1.81,-0.18,-0.16,10.79,,,1600000000.0,2.97,-0.065,-0.071,-0.104,-0.187,-0.242,-0.048,-0.065,-0.187,0.122,25.87,22.5,"Ouster, Inc.",Technology
FWRG,Q3 FY25,2025-11-04 00:00:00,2025-11-04,OK,,BMO,15.85,0.07,0.07,0.06,-15.9,269.11,47.34,1070000000.0,0.88,0.132,0.085,0.098,0.059,0.029,0.054,0.132,0.059,0.073,17.94,16.79,"First Watch Restaurant Group, Inc.",Consumer Cyclical
SHC,Q3 FY25,2025-11-04 00:00:00,2025-11-04,OK,,BMO,16.61,0.08,0.22,0.26,19.13,196.3,18.45,4670000000.0,1.82,-0.048,-0.056,-0.029,-0.036,-0.083,0.155,-0.022,-0.056,0.034,16.25,15.68,Sotera Health Company,Healthcare
OFIX,Q3 FY25,2025-11-04 00:00:00,2025-11-04,OK,,BMO,16.06,-3.18,0.12,0.2,64.67,,,587280000.0,0.82,-0.068,-0.068,-0.042,-0.065,-0.103,-0.125,-0.042,-0.086,0.044,15.38,14.68,Orthofix Medical Inc.,Healthcare
VTOL,Q3 FY25,2025-11-04 00:00:00,2025-11-04,OK,,AMC,41.27,4.0,0.8,1.72,115.0,10.32,8.18,1190000000.0,1.41,-0.061,-0.104,-0.067,-0.08,-0.097,-0.026,-0.061,-0.104,0.043,38.75,36.99,Bristow Group Inc.,Energy
CPRI,Q2 FY26,2025-11-04 00:00:00,2025-11-04,OK,,BMO,20.72,-9.41,0.14,-0.03,-121.94,,11.65,2470000000.0,1.5,0.073,0.067,0.047,0.043,0.055,0.199,0.073,0.038,0.036,22.24,21.5,Capri Holdings Limited,Consumer Cyclical
PHG,Q3 FY25,2025-11-04 00:00:00,2025-11-04,OK,,BMO,27.21,-0.82,0.32,0.41,30.36,,16.12,26630000000.0,0.79,0.032,0.035,0.078,0.063,0.01,0.087,0.08,0.032,0.048,29.38,28.07,Koninklijke Philips N.V.,Healthcare
DAVE,Q3 FY25,2025-11-04 00:00:00,2025-11-04,OK,,BMO,240.11,3.79,2.34,4.24,81.04,61.96,23.65,3170000000.0,3.9,0.014,-0.019,0.005,-0.099,-0.207,-0.192,0.029,-0.099,0.128,246.98,216.24,Dave Inc.,Technology
AHCO,Q3 FY25,2025-11-04 00:00:00,2025-11-04,OK,,BMO,9.09,0.53,0.24,0.16,-32.28,19.95,9.62,1440000000.0,1.78,0.138,0.045,0.05,0.026,0.001,0.167,0.138,0.025,0.112,10.34,9.32,AdaptHealth Corp.,Healthcare
IBP,Q3 FY25,2025-11-05 00:00:00,2025-11-05,OK,,BMO,237.7,9.29,2.74,3.18,16.02,27.75,23.44,6990000000.0,1.9,0.058,0.082,0.114,0.052,0.032,0.303,0.114,0.052,0.062,264.79,250.17,"Installed Building Products, Inc.",Consumer Cyclical
TRUE,Q3 FY25,2025-11-05 00:00:00,2025-11-05,OK,,AMC,2.2,-0.21,-0.03,0.1,384.58,,,194780000.0,2.2,0.0,-0.018,0.041,0.045,-0.005,-0.041,0.045,-0.018,0.064,2.3,2.16,"TrueCar, Inc.",Communication Services
RPRX,Q3 FY25,2025-11-05 00:00:00,2025-11-05,OK,,BMO,37.63,2.3,1.04,1.17,12.53,16.47,7.97,22070000000.0,0.47,0.078,0.018,0.046,0.041,0.027,0.051,0.078,0.018,0.059,40.55,38.33,Royalty Pharma plc,Healthcare
BORR,Q3 FY25,2025-11-05 00:00:00,2025-11-05,OK,,AMC,3.03,0.25,0.08,0.09,17.52,12.74,,909080000.0,1.11,0.059,0.059,0.125,0.069,0.023,0.406,0.125,0.05,0.076,3.41,3.18,Borr Drilling Limited,Energy
PKST,Q3 FY25,2025-11-05 00:00:00,2025-11-05,OK,,AMC,13.19,-8.79,0.57,-0.04,-107.37,,15.29,550020000.0,1.7,0.078,0.13,0.086,0.052,0.035,0.061,0.131,0.052,0.079,14.92,13.87,Peakstone Realty Trust,Real Estate
CTKB,Q3 FY25,2025-11-05 00:00:00,2025-11-05,OK,,AMC,4.01,-0.05,0.01,0.0,-103.0,,,497440000.0,1.33,0.132,0.185,0.2,0.372,0.312,0.347,0.372,0.132,0.239,5.5,4.54,"Cytek Biosciences, Inc.",Healthcare
XFOR,Q3 FY25,2025-11-05 00:00:00,2025-11-05,OK,,BMO,3.97,-10.01,-0.84,-0.69,18.18,,,324390000.0,0.44,-0.117,-0.086,-0.025,-0.078,-0.081,-0.068,-0.025,-0.117,0.092,3.87,3.51,"X4 Pharmaceuticals, Inc.",Healthcare
EFC,Q3 FY25,2025-11-05 00:00:00,2025-11-05,OK,,AMC,13.41,1.21,0.44,0.53,20.72,11.29,7.64,1370000000.0,0.94,0.008,-0.029,0.007,0.005,-0.002,0.044,0.02,-0.029,0.048,13.68,13.03,Ellington Financial Inc.,Real Estate
XPEL,Q3 FY25,2025-11-05 00:00:00,2025-11-05,OK,,BMO,34.98,1.76,0.52,0.47,-9.03,19.92,16.74,967990000.0,1.38,0.034,0.105,0.148,0.149,0.215,0.551,0.165,0.034,0.131,40.74,36.16,"XPEL, Inc.",Consumer Cyclical
LMND,Q3 FY25,2025-11-05 00:00:00,2025-11-05,OK,,BMO,58.66,-2.38,-0.71,-0.55,22.55,,,5610000000.0,2.08,0.281,0.345,0.313,0.202,0.209,0.354,0.349,0.193,0.156,79.14,69.98,"Lemonade, Inc.",Financial Services
EMR,Q4 FY25,2025-11-05 00:00:00,2026-02-04,OK,,BMO,137.14,4.66,1.62,1.62,0.28,29.59,20.99,77520000000.0,1.25,-0.045,-0.056,-0.038,-0.07,-0.065,0.09,-0.038,-0.07,0.031,131.87,127.58,Emerson Electric Co.,Industrials
LILA,Q3 FY25,2025-11-05 00:00:00,2025-11-05,OK,,AMC,7.88,-3.7,-0.06,0.02,133.33,,42.69,1590000000.0,0.99,0.077,0.028,0.036,0.037,0.024,-0.049,0.077,-0.003,0.08,8.49,7.86,Liberty Latin America Ltd.,Communication Services
LILAK,Q3 FY25,2025-11-05 00:00:00,2025-11-05,OK,,AMC,8.01,-3.7,0.0,0.02,623.56,,28.35,1590000000.0,0.97,0.072,0.017,0.03,0.03,0.019,-0.054,0.072,-0.007,0.08,8.59,7.95,Liberty Latin America Ltd.,Communication Services
FSLY,Q3 FY25,2025-11-05 00:00:00,2026-02-11,OK,,AMC,8.07,-0.96,0.0,0.07,41076.47,,104.41,1700000000.0,0.92,0.359,0.478,0.475,0.392,0.351,0.119,0.486,0.359,0.126,11.99,10.97,"Fastly, Inc.",Technology
TBLA,Q3 FY25,2025-11-05 00:00:00,2025-11-05,OK,,BMO,3.33,0.07,-0.01,0.02,433.33,52.13,30.15,1090000000.0,1.29,0.132,0.141,0.252,0.204,0.18,0.255,0.255,0.132,0.123,4.18,3.77,Taboola.com Ltd.,Communication Services
HUM,Q3 FY25,2025-11-05 00:00:00,2026-02-11,OK,,BMO,280.91,13.03,2.83,3.24,14.64,21.63,20.81,33900000000.0,0.45,-0.109,-0.154,-0.147,-0.159,-0.188,-0.027,-0.106,-0.16,0.054,251.18,235.93,Humana Inc.,Healthcare
DBD,Q3 FY25,2025-11-05 00:00:00,2026-02-11,OK,,BMO,56.24,1.36,0.93,1.38,47.86,47.28,11.61,2310000000.0,1.48,0.166,0.156,0.159,0.157,0.105,0.243,0.166,0.147,0.02,65.6,64.5,"Diebold Nixdorf, Incorporated",Technology
BRLT,Q3 FY25,2025-11-05 00:00:00,2025-11-05,OK,,BMO,2.56,-0.28,0.02,0.02,11.11,,23.49,255360000.0,1.39,0.039,-0.117,-0.145,-0.168,-0.285,-0.32,0.094,-0.168,0.262,2.8,2.13,"Brilliant Earth Group, Inc.",Consumer Cyclical
TM,Q2 FY26,2025-11-05 00:00:00,2026-02-06,OK,,BMO,203.89,21.69,5.36,4.66,-13.11,9.4,9.87,266000000000.0,0.69,-0.005,0.0,0.017,0.001,-0.035,0.135,0.017,-0.009,0.026,207.29,201.98,Toyota Motor Corporation,Consumer Cyclical
MTRX,Q1 FY26,2025-11-05 00:00:00,2026-02-04,OK,,AMC,15.6,-1.06,0.02,-0.01,-150.0,,16.6,428610000.0,0.94,-0.188,-0.165,-0.217,-0.241,-0.294,-0.121,-0.165,-0.249,0.083,13.02,11.72,Matrix Service Company,Industrials
CTRE,Q3 FY25,2025-11-05 00:00:00,2026-02-11,OK,,AMC,35.67,1.34,0.38,0.33,-13.17,26.94,22.85,8070000000.0,0.78,-0.012,0.018,0.006,-0.003,0.015,0.058,0.018,-0.012,0.03,36.32,35.24,"CareTrust REIT, Inc.",Real Estate
ECPG,Q3 FY25,2025-11-05 00:00:00,2025-11-05,OK,,AMC,42.75,-1.83,1.59,3.18,100.61,,5.1,1060000000.0,1.46,0.105,0.16,0.135,0.16,0.116,0.315,0.163,0.105,0.058,49.71,47.22,"Encore Capital Group, Inc.",Financial Services
ITUB,Q3 FY25,2025-11-05 00:00:00,2025-11-05,OK,,AMC,6.86,0.7,0.2,0.2,-0.97,10.82,8.79,40350000000.0,0.64,0.001,0.02,0.021,0.021,-0.003,0.075,0.047,0.001,0.045,7.19,6.87,Itaú Unibanco Holding S.A.,Financial Services
ALTO,Q3 FY25,2025-11-05 00:00:00,2025-11-05,OK,,AMC,1.16,-0.7,-0.05,0.16,422.24,,,106810000.0,0.55,0.224,0.397,0.647,0.759,0.845,1.328,0.759,0.19,0.569,2.04,1.38,"Alto Ingredients, Inc.",Basic Materials
GPRK,Q3 FY25,2025-11-05 00:00:00,2025-11-05,OK,,AMC,7.73,0.65,0.3,0.3,0.0,12.63,7.8,420740000.0,0.53,0.074,0.048,0.039,0.022,0.036,-0.014,0.075,0.021,0.054,8.31,7.89,GeoPark Limited,Energy
PLUS,Q2 FY26,2025-11-06 00:00:00,2026-02-04,OK,,AMC,73.17,4.3,0.95,1.53,61.9,17.06,16.2,1950000000.0,1.03,0.157,0.224,0.234,0.193,0.195,0.198,0.248,0.157,0.091,91.3,84.65,ePlus inc.,Technology
DIOD,Q3 FY25,2025-11-06 00:00:00,2026-02-10,OK,,AMC,51.8,1.37,0.38,0.37,-3.48,37.14,22.69,2360000000.0,1.64,-0.145,-0.095,-0.131,-0.156,-0.182,0.098,-0.095,-0.156,0.061,46.89,43.74,Diodes Incorporated,Technology
BL,Q3 FY25,2025-11-06 00:00:00,2026-02-10,OK,,AMC,56.82,1.1,0.51,0.51,0.95,48.92,22.77,3320000000.0,0.87,-0.057,-0.027,-0.024,-0.076,-0.059,-0.073,-0.013,-0.076,0.064,56.1,52.49,"BlackLine, Inc.",Technology
AORT,Q3 FY25,2025-11-06 00:00:00,2025-11-06,OK,,AMC,47.5,-0.43,0.15,0.16,5.26,,115.22,2160000000.0,1.6,-0.055,-0.013,-0.04,-0.05,-0.072,-0.087,0.003,-0.055,0.058,47.63,44.87,"Artivion, Inc.",Healthcare
GMED,Q3 FY25,2025-11-06 00:00:00,2025-11-06,OK,,AMC,61.71,2.59,0.78,1.18,51.14,23.8,16.92,8330000000.0,1.12,0.359,0.376,0.361,0.355,0.333,0.515,0.399,0.355,0.044,86.36,83.64,"Globus Medical, Inc.",Healthcare
PH,Q1 FY26,2025-11-06 00:00:00,2026-01-29,OK,,BMO,772.48,28.07,6.62,7.22,9.01,30.07,25.85,107000000000.0,1.23,0.093,0.111,0.09,0.063,0.061,0.222,0.111,0.063,0.048,857.93,820.97,Parker-Hannifin Corporation,Industrials
HBIO,Q3 FY25,2025-11-06 00:00:00,2025-11-06,OK,,BMO,0.59,-1.22,-0.06,-0.03,50.0,,5.72,24210000.0,1.55,-0.085,0.034,-0.017,0.136,-0.051,0.0,0.136,-0.085,0.22,0.67,0.54,"Harvard Bioscience, Inc.",Healthcare
BIRD,Q3 FY25,2025-11-06 00:00:00,2025-11-06,OK,,AMC,7.61,-10.55,-2.67,-2.4,10.31,,,66310000.0,1.93,-0.212,-0.218,-0.272,-0.357,-0.424,-0.466,-0.212,-0.357,0.146,6.0,4.89,"Allbirds, Inc.",Consumer Cyclical
LOMA,Q3 FY25,2025-11-06 00:00:00,2025-11-06,OK,,AMC,10.73,0.56,0.06,-0.02,-139.11,19.28,13.16,1260000000.0,0.83,0.007,0.055,0.068,0.091,0.052,0.091,0.102,0.007,0.095,11.82,10.8,Loma Negra Compañía Industrial Argentina Sociedad Anónima,Basic Materials
EXPE,Q3 FY25,2025-11-06 00:00:00,2026-02-05,OK,,AMC,219.33,10.46,6.95,7.57,8.99,24.68,14.63,31950000000.0,1.45,0.175,0.208,0.217,0.111,0.07,0.3,0.246,0.111,0.134,273.19,243.75,"Expedia Group, Inc.",Consumer Cyclical
INTS,Q3 FY25,2025-11-06 00:00:00,2025-11-06,OK,,AMC,0.49,-0.63,-0.06,-0.06,0.0,,,27340000.0,4.29,-0.062,-0.196,-0.014,-0.146,-0.216,-0.159,0.056,-0.196,0.252,0.51,0.39,"Intensity Therapeutics, Inc.",Healthcare
TFX,Q3 FY25,2025-11-06 00:00:00,2025-11-06,OK,,BMO,124.36,4.25,3.38,3.67,8.61,29.29,8.28,5500000000.0,0.94,-0.123,-0.1,-0.123,-0.165,-0.159,-0.172,-0.1,-0.165,0.065,111.91,103.86,Teleflex Incorporated,Healthcare
MSC,,2025-11-06 00:00:00,2026-02-26,OK,,,4.07,-0.36,,,,,,727990000.0,-0.14,-0.093,-0.002,-0.044,-0.064,-0.061,-0.226,-0.002,-0.093,0.091,4.06,3.69,Studio City International Holdings Limited,Consumer Cyclical
ATHA,Q3 FY25,2025-11-06 00:00:00,2025-11-06,OK,,AMC,4.01,-9.66,-1.22,-1.68,-37.7,,,15180000.0,2.95,-0.04,0.153,0.171,0.147,0.132,0.521,0.172,-0.04,0.212,4.7,3.85,"Athira Pharma, Inc.",Healthcare
TBCH,Q3 FY25,2025-11-06 00:00:00,2025-11-06,OK,,AMC,14.95,0.94,0.18,0.12,-32.71,17.38,13.29,322650000.0,2.16,-0.035,0.022,-0.045,-0.084,-0.158,-0.084,0.035,-0.084,0.12,15.48,13.69,Turtle Beach Corporation,Technology
GHRS,Q3 FY25,2025-11-06 00:00:00,2025-11-06,OK,,BMO,13.59,-0.73,-0.23,-0.23,2.13,,,837380000.0,0.99,-0.007,0.046,0.01,0.038,0.029,0.25,0.104,-0.007,0.11,15.0,13.5,GH Research PLC,Healthcare
MODG,Q3 FY25,2025-11-06 00:00:00,2025-11-06,OK,,AMC,9.27,-8.13,-0.22,-0.05,76.93,,,1950000000.0,0.97,0.143,0.117,0.141,0.174,0.05,0.633,0.216,0.117,0.099,11.27,10.35,Topgolf Callaway Brands Corp.,Consumer Cyclical
TCX,,2025-11-06 00:00:00,2026-02-12,OK,,,19.24,-8.67,,,,,,206840000.0,1.0,0.037,0.161,0.086,0.042,0.054,0.286,0.161,0.037,0.124,22.34,19.95,Tucows Inc.,Technology
VTRS,Q3 FY25,2025-11-06 00:00:00,2025-11-06,OK,,BMO,10.63,-2.91,-0.03,-0.11,-231.03,,4.29,12110000000.0,0.83,-0.059,0.042,0.015,-0.008,-0.052,0.21,0.042,-0.059,0.1,11.07,10.0,Viatris Inc.,Healthcare
HAE,Q2 FY26,2025-11-06 00:00:00,2026-02-05,OK,,BMO,50.72,3.43,1.11,1.27,14.35,19.94,12.48,3200000000.0,0.27,0.348,0.414,0.457,0.465,0.481,0.423,0.465,0.348,0.118,74.32,68.36,Haemonetics Corporation,Healthcare
TXG,Q3 FY25,2025-11-06 00:00:00,2026-02-11,OK,,AMC,13.0,-0.62,-0.07,-0.02,67.43,,,1900000000.0,2.17,0.173,0.276,0.258,0.208,0.266,0.578,0.314,0.173,0.141,17.08,15.25,"10x Genomics, Inc.",Healthcare
XYZ,Q3 FY25,2025-11-06 00:00:00,2025-11-06,OK,,AMC,70.93,4.67,0.66,0.54,-18.09,15.53,20.45,44240000000.0,2.65,-0.077,-0.071,-0.122,-0.17,-0.127,-0.07,-0.058,-0.17,0.112,66.8,58.89,"Block, Inc.",Technology
SGHT,Q3 FY25,2025-11-06 00:00:00,2025-11-06,OK,,AMC,5.0,-0.96,-0.26,-0.16,38.61,,,260790000.0,2.46,0.164,0.408,0.41,0.406,0.328,0.294,0.544,0.164,0.38,7.72,5.82,"Sight Sciences, Inc.",Healthcare
AHR,Q3 FY25,2025-11-06 00:00:00,2025-11-06,OK,,AMC,47.67,-0.22,0.15,0.27,74.85,,57.61,7840000000.0,1.0,0.031,0.026,0.007,-0.0,0.027,0.007,0.031,-0.001,0.032,49.16,47.62,"American Healthcare REIT, Inc.",Real Estate
URGN,Q3 FY25,2025-11-06 00:00:00,2025-11-06,OK,,BMO,19.31,-3.46,-0.68,-0.69,-1.05,,,1090000000.0,1.22,0.204,0.224,0.239,0.227,0.286,-0.026,0.302,0.198,0.104,25.14,23.13,UroGen Pharma Ltd.,Healthcare
RLYB,Q3 FY25,2025-11-06 00:00:00,2025-11-06,OK,,BMO,0.62,-0.32,-0.19,0.36,284.62,,,26420000.0,-1.02,0.0,0.128,0.05,-0.013,-0.024,0.051,0.128,-0.013,0.141,0.7,0.62,Rallybio Corporation,Healthcare
SYNA,Q1 FY26,2025-11-06 00:00:00,2026-02-05,OK,,AMC,68.61,-1.17,1.06,1.09,2.44,,12.42,2580000000.0,1.76,-0.037,-0.01,-0.046,-0.098,-0.147,0.327,-0.006,-0.098,0.092,68.22,61.89,Synaptics Incorporated,Technology
ARLO,Q3 FY25,2025-11-06 00:00:00,2025-11-06,OK,,AMC,16.94,-0.07,0.15,0.16,7.96,,22.55,1850000000.0,1.71,-0.125,-0.09,-0.11,-0.201,-0.238,-0.168,-0.069,-0.201,0.132,15.77,13.53,"Arlo Technologies, Inc.",Industrials
INSW,Q3 FY25,2025-11-06 00:00:00,2025-11-06,OK,,BMO,49.3,4.81,0.94,1.15,22.26,10.23,7.92,2430000000.0,-0.19,0.063,0.06,0.069,0.069,0.057,0.143,0.077,0.06,0.016,53.08,52.27,"International Seaways, Inc.",Energy
CTEV,Q3 FY25,2025-11-07 00:00:00,2025-11-07,OK,,BMO,61.96,-40.96,-3.55,-4.23,-18.99,,,1040000000.0,0.51,-0.066,-0.054,-0.302,-0.317,-0.24,-0.509,-0.054,-0.385,0.331,58.62,38.13,Claritev Corporation,Healthcare
DIBS,Q3 FY25,2025-11-07 00:00:00,2025-11-07,OK,,BMO,3.48,-0.55,-0.13,-0.1,23.08,,,128680000.0,1.11,0.187,0.422,0.425,0.379,0.44,0.69,0.425,0.187,0.239,4.96,4.13,"1stdibs.Com, Inc.",Consumer Cyclical
YPF,Q3 FY25,2025-11-07 00:00:00,2025-11-07,OK,,AMC,36.26,3.12,0.59,-0.62,-205.53,11.63,8.94,14260000000.0,1.43,0.026,0.046,0.066,0.066,-0.015,-0.054,0.066,0.026,0.04,38.67,37.21,YPF Sociedad Anónima,Energy
ATMU,Q3 FY25,2025-11-07 00:00:00,2025-11-07,OK,,BMO,46.46,2.26,0.6,0.69,15.12,21.17,17.44,3940000000.0,1.59,0.068,0.074,0.024,-0.005,0.028,0.22,0.075,-0.014,0.089,49.93,45.82,Atmus Filtration Technologies Inc.,Consumer Cyclical
AXL,Q3 FY25,2025-11-07 00:00:00,2026-02-13,OK,,BMO,6.17,0.34,0.1,0.07,-26.73,19.03,11.72,777250000.0,1.57,0.0,0.052,0.002,-0.023,0.01,0.248,0.052,-0.023,0.075,6.49,6.03,"American Axle & Manufacturing Holdings, Inc.",Consumer Cyclical
BHF,Q3 FY25,2025-11-07 00:00:00,2026-02-11,OK,,AMC,66.01,14.67,5.03,4.54,-9.69,4.5,3.09,3770000000.0,0.94,-0.002,-0.003,-0.003,-0.003,-0.007,-0.03,-0.002,-0.006,0.004,65.91,65.62,"Brighthouse Financial, Inc.",Financial Services
TDS,Q3 FY25,2025-11-07 00:00:00,2025-11-07,OK,,BMO,38.45,-0.95,-0.02,-0.85,-4150.0,,,4250000000.0,0.32,0.006,0.032,-0.004,-0.01,-0.009,0.164,0.032,-0.022,0.053,39.67,37.62,"Telephone and Data Systems, Inc.",Communication Services
GSL,Q3 FY25,2025-11-10 00:00:00,2025-11-10,OK,,BMO,31.09,11.13,2.37,2.62,10.7,3.1,3.37,1230000000.0,0.95,0.08,0.076,0.096,0.095,0.112,0.133,0.111,0.076,0.035,34.54,33.46,"Global Ship Lease, Inc.",Industrials
SNDA,,2025-11-10 00:00:00,2026-03-16,OK,,,32.2,-2.87,,,,,,601020000.0,0.59,-0.007,-0.006,-0.006,-0.002,-0.0,-0.016,0.002,-0.007,0.009,32.26,31.98,"Sonida Senior Living, Inc.",Healthcare
KLTR,Q3 FY25,2025-11-10 00:00:00,2025-11-10,OK,,AMC,1.47,-0.12,0.0,0.01,300.0,,34.49,298150000.0,1.06,0.252,0.218,0.061,0.0,-0.007,0.054,0.252,0.0,0.252,1.84,1.47,"Kaltura, Inc.",Technology
SIBN,Q3 FY25,2025-11-10 00:00:00,2025-11-10,OK,,AMC,15.68,-0.51,-0.16,-0.11,33.33,,,803280000.0,0.78,0.162,0.101,0.143,0.186,0.243,0.084,0.186,0.101,0.085,18.6,17.26,"SI-BONE, Inc.",Healthcare
GRDN,Q3 FY25,2025-11-10 00:00:00,2025-11-10,OK,,AMC,29.75,0.64,0.24,0.25,6.38,50.98,30.69,2050000000.0,0.94,0.05,0.023,-0.048,-0.074,-0.036,-0.091,0.061,-0.074,0.134,31.55,27.55,"Guardian Pharmacy Services, Inc.",Healthcare
HHH,Q3 FY25,2025-11-10 00:00:00,2025-11-10,OK,,BMO,80.09,5.14,1.53,2.02,32.0,16.73,19.82,5100000000.0,1.2,0.113,0.087,0.037,0.037,0.061,0.045,0.113,0.033,0.08,89.18,82.76,Howard Hughes Holdings Inc.,Real Estate
BKV,Q3 FY25,2025-11-10 00:00:00,2025-11-10,OK,,BMO,25.39,0.52,0.35,0.9,159.04,53.11,12.43,2330000000.0,1.61,0.072,0.048,0.104,0.032,0.02,0.034,0.104,0.032,0.071,28.02,26.21,BKV Corporation,Energy
RNGR,Q3 FY25,2025-11-10 00:00:00,2025-11-10,OK,,BMO,13.69,0.66,0.38,0.08,-79.41,21.01,14.64,297620000.0,0.16,0.017,-0.009,-0.036,-0.017,-0.041,0.074,0.017,-0.036,0.053,13.91,13.19,"Ranger Energy Services, Inc.",Energy
VOD,,2025-11-11 00:00:00,,,,,12.4,-1.79,,,,,11.07,30330000000.0,0.41,-0.024,-0.028,-0.033,-0.065,-0.015,0.086,-0.021,-0.065,0.044,12.15,11.6,Vodafone Group Public Limited Company,Communication Services
AVIR,Q3 FY25,2025-11-12 00:00:00,2025-11-12,OK,,AMC,3.5,-1.61,-0.41,-0.53,-27.71,,,267830000.0,0.15,-0.126,-0.137,-0.1,-0.151,-0.129,-0.029,-0.1,-0.154,0.054,3.15,2.96,"Atea Pharmaceuticals, Inc.",Healthcare
KRMD,Q3 FY25,2025-11-12 00:00:00,2025-11-12,OK,,AMC,3.78,-0.08,-0.02,0.0,100.0,,,200110000.0,0.59,0.151,0.188,0.151,0.265,0.534,0.458,0.265,0.143,0.122,4.78,4.32,"KORU Medical Systems, Inc.",Healthcare
PYPD,Q3 FY25,2025-11-12 00:00:00,2025-11-12,OK,,BMO,3.76,-3.83,-0.52,-0.37,29.19,,,59060000.0,1.5,-0.048,-0.033,-0.043,-0.043,0.011,0.162,-0.032,-0.048,0.016,3.64,3.58,PolyPid Ltd.,Healthcare
ALTI,Q3 FY25,2025-11-12 00:00:00,2025-11-12,OK,,AMC,4.07,-1.67,0.03,0.01,-66.33,,14.41,566900000.0,0.72,-0.047,-0.025,-0.059,0.007,-0.017,0.02,0.007,-0.061,0.069,4.1,3.82,"AlTi Global, Inc.",Financial Services
FLNG,Q3 FY25,2025-11-12 00:00:00,2025-11-12,OK,,BMO,26.53,1.83,0.46,0.43,-6.52,14.51,12.46,1410000000.0,0.31,-0.018,0.0,-0.0,0.014,-0.01,0.012,0.014,-0.018,0.032,26.9,26.04,FLEX LNG Ltd.,Energy
ELMD,Q1 FY26,2025-11-12 00:00:00,2025-11-12,OK,,AMC,25.38,0.93,0.21,0.25,21.95,27.19,20.14,210770000.0,0.25,0.038,-0.03,-0.007,0.021,0.045,0.097,0.038,-0.034,0.072,26.35,24.52,"Electromed, Inc.",Healthcare
PGEN,,2025-11-13 00:00:00,2025-11-13,OK,,AMC,3.86,-0.43,-0.09,-1.06,-1015.79,,,1170000000.0,1.16,0.256,0.256,0.01,-0.01,-0.008,0.142,0.269,-0.01,0.28,4.9,3.82,"Precigen, Inc.",Healthcare
EC,Q3 FY25,2025-11-13 00:00:00,2025-11-12,DATE PASSED,,AMC,10.01,1.44,0.36,0.33,-7.67,7.03,8.17,20830000000.0,0.78,0.038,0.06,0.011,-0.041,-0.019,0.224,0.06,-0.041,0.101,10.61,9.6,Ecopetrol S.A.,Energy
SPB,Q4 FY25,2025-11-13 00:00:00,2026-02-05,OK,,BMO,52.8,3.95,0.91,2.61,186.21,14.44,11.43,1380000000.0,0.7,0.073,0.02,0.02,0.085,0.124,0.173,0.085,0.02,0.064,57.27,53.87,"Spectrum Brands Holdings, Inc.",Consumer Defensive
BN,,2025-11-13 00:00:00,2026-02-12,OK,,,43.72,0.29,,,,162.02,16.27,115000000000.0,1.59,0.006,-0.008,-0.002,0.03,0.074,0.083,0.03,-0.018,0.048,45.05,42.94,Brookfield Corporation,Financial Services
PTHS,,2025-11-13 00:00:00,2025-11-13,OK,,BMO,37.4,-17.31,-0.57,-5.3,-821.74,,,100660000.0,4.0,-0.101,-0.149,-0.225,-0.264,-0.241,-0.383,-0.101,-0.321,0.22,33.61,25.4,Pelthos Therapeutics Inc.,Healthcare
MNOV,Q3 FY25,2025-11-13 00:00:00,2025-11-12,DATE PASSED,,AMC,1.54,-0.24,-0.12,-0.06,50.0,,,76020000.0,0.48,0.006,-0.065,-0.078,-0.078,-0.058,0.039,0.006,-0.084,0.091,1.55,1.41,"MediciNova, Inc.",Healthcare
GRCE,Q2 FY26,2025-11-13 00:00:00,2025-11-13,OK,,BMO,3.03,-0.58,-0.34,-0.08,75.56,,,43230000.0,0.6,0.01,0.043,0.036,0.026,0.05,0.205,0.053,-0.01,0.063,3.19,3.0,"Grace Therapeutics, Inc.",Healthcare
SHIP,Q3 FY25,2025-11-13 00:00:00,2025-11-13,OK,,BMO,8.68,0.73,0.47,0.67,41.55,12.88,4.65,195860000.0,0.77,0.065,0.081,0.048,0.141,0.201,0.08,0.141,0.048,0.093,9.9,9.09,Seanergy Maritime Holdings Corp,Industrials
EVOK,Q3 FY25,2025-11-13 00:00:00,2025-11-13,OK,,BMO,10.68,-2.38,-0.45,-0.45,0.0,,15.72,18410000.0,-0.29,0.001,0.001,0.001,0.005,0.019,0.03,0.005,-0.001,0.006,10.73,10.67,"Evoke Pharma, Inc.",Healthcare
FRGE,Q3 FY25,2025-11-14 00:00:00,2025-11-13,DATE PASSED,,AMC,44.11,-5.06,-0.94,-1.4,-48.79,,,607170000.0,2.16,-0.002,-0.001,0.006,0.005,0.002,0.01,0.006,-0.002,0.007,44.36,44.03,"Forge Global Holdings, Inc.",Financial Services
CIG,Q3 FY25,2025-11-14 00:00:00,2025-11-12,DATE PASSED,,AMC,2.11,0.4,0.07,0.05,-19.71,5.25,7.79,4020000000.0,0.89,0.019,-0.019,-0.038,-0.024,-0.009,-0.062,0.019,-0.043,0.062,2.15,2.02,Companhia Energética de Minas Gerais - CEMIG,Utilities
MFG,Q2 FY26,2025-11-14 00:00:00,2026-02-02,OK,,BMO,6.79,0.47,0.17,0.21,24.79,14.92,11.23,87260000000.0,0.39,-0.001,-0.032,-0.027,0.01,0.054,0.265,0.01,-0.05,0.06,6.86,6.45,"Mizuho Financial Group, Inc.",Financial Services
VENU,,2025-11-14 00:00:00,2025-11-14,OK,,AMC,11.05,-1.04,-0.21,-0.15,28.57,,18.66,514950000.0,3.2,-0.214,-0.119,-0.122,-0.129,-0.152,-0.167,-0.119,-0.242,0.123,9.74,8.38,Venu Holding Corporation,Consumer Cyclical
XP,Q3 FY25,2025-11-17 00:00:00,2025-11-17,OK,,AMC,17.92,1.59,2.47,2.47,-0.17,11.66,9.43,9780000000.0,1.16,0.019,-0.054,-0.019,0.055,0.106,-0.029,0.055,-0.054,0.108,18.9,16.96,XP Inc.,Financial Services
DAC,Q3 FY25,2025-11-17 00:00:00,2025-11-17,OK,,AMC,95.25,24.25,7.1,6.75,-4.93,3.94,3.5,1750000000.0,1.15,0.012,-0.024,0.016,0.022,0.014,0.043,0.022,-0.024,0.046,97.34,93.0,Danaos Corporation,Industrials
LTM,Q3 FY25,2025-11-17 00:00:00,2026-01-29,OK,,BMO,44.47,4.15,1.29,1.41,8.92,11.19,9.65,13350000000.0,3.85,0.031,0.043,0.027,0.08,0.107,0.329,0.082,0.019,0.063,48.11,45.33,LATAM Airlines Group S.A.,Industrials
JKS,,2025-11-17 00:00:00,2025-11-17,OK,,BMO,27.04,-5.03,-2.01,-2.01,0.18,,6.14,1460000000.0,0.43,0.06,-0.068,-0.046,-0.049,-0.054,0.091,0.06,-0.072,0.132,28.65,25.08,"JinkoSolar Holding Co., Ltd.",Technology
FUTU,Q3 FY25,2025-11-18 00:00:00,2025-11-18,OK,,BMO,168.57,7.22,20.48,23.4,14.23,23.38,16.6,16000000000.0,0.22,-0.016,-0.042,-0.002,0.006,-0.002,0.019,0.018,-0.088,0.105,171.52,153.79,Futu Holdings Limited,Financial Services
VREX,Q3 FY25,2025-11-18 00:00:00,2025-11-18,OK,,AMC,11.86,-3.24,0.18,0.37,102.74,,14.7,490940000.0,0.85,-0.137,-0.1,-0.055,-0.024,-0.034,0.163,-0.024,-0.137,0.112,11.57,10.24,Varex Imaging Corporation,Healthcare
NMM,Q3 FY25,2025-11-18 00:00:00,2025-11-18,OK,,BMO,53.28,10.03,2.55,2.83,10.98,5.41,3.74,1570000000.0,1.42,-0.007,-0.018,-0.007,0.021,0.047,0.04,0.021,-0.018,0.039,54.4,52.3,Navios Maritime Partners L.P.,Industrials
SBLK,Q3 FY25,2025-11-18 00:00:00,2025-11-18,OK,,AMC,19.2,0.52,0.27,0.29,7.96,36.29,6.35,2170000000.0,0.76,-0.013,-0.008,0.029,0.031,0.058,0.061,0.031,-0.026,0.058,19.79,18.69,Star Bulk Carriers Corp.,Industrials
JOYY,Q3 FY25,2025-11-19 00:00:00,2025-11-19,OK,,AMC,59.05,-2.21,0.98,1.36,39.34,,11.06,2040000000.0,0.37,0.063,0.081,0.057,0.058,0.039,0.177,0.081,0.031,0.051,63.86,60.86,JOYY Inc.,Communication Services
GLBE,Q3 FY25,2025-11-19 00:00:00,2025-11-19,OK,,BMO,37.01,-0.17,0.22,0.2,-6.37,,37.86,5960000000.0,1.25,-0.044,0.04,0.079,0.078,0.098,0.013,0.092,-0.044,0.136,40.42,35.39,Global-E Online Ltd.,Consumer Cyclical
LUXE,,2025-11-19 00:00:00,2025-11-19,OK,,BMO,9.15,4.88,-0.25,-0.29,-15.63,1.92,,1290000000.0,1.11,-0.081,-0.016,0.024,0.019,0.061,-0.113,0.028,-0.081,0.109,9.41,8.41,LuxExperience B.V.,Consumer Cyclical
PACS,Q3 FY25,2025-11-19 00:00:00,2025-11-19,OK,,26.44,16.83,,0.47,0.45,-3.77,60.1,12.13,4100000000.0,-0.04,0.553,0.78,0.911,0.992,0.871,1.304,0.992,0.553,0.439,33.52,26.14,"PACS Group, Inc.",Healthcare
UGI,Q4 FY25,2025-11-20 00:00:00,2025-11-20,OK,,AMC,34.79,1.9,-0.41,-0.23,43.9,18.42,10.8,7510000000.0,1.07,0.071,0.104,0.126,0.085,0.068,0.079,0.126,0.071,0.055,39.16,37.24,UGI Corporation,Utilities
ZIM,Q3 FY25,2025-11-20 00:00:00,2025-11-20,OK,,BMO,16.75,16.63,1.06,1.03,-2.98,1.04,,2080000000.0,1.64,0.009,0.165,0.219,0.17,0.196,0.275,0.219,0.009,0.21,20.41,16.9,ZIM Integrated Shipping Services Ltd.,Industrials
GAP,Q3 FY26,2025-11-20 00:00:00,2025-11-20,OK,,AMC,22.92,2.33,0.59,0.62,5.46,10.42,11.08,9000000000.0,2.25,0.082,0.154,0.174,0.165,0.152,0.166,0.194,0.073,0.121,27.36,24.6,"The Gap, Inc.",Consumer Cyclical
ESTC,Q2 FY26,2025-11-20 00:00:00,2025-11-20,OK,,AMC,82.08,-0.8,0.58,0.64,11.08,,33.2,9530000000.0,0.94,-0.147,-0.153,-0.141,-0.12,-0.09,-0.13,-0.12,-0.159,0.039,72.26,69.07,Elastic N.V.,Technology
VFS,Q3 FY25,2025-11-21 00:00:00,2025-11-21,OK,,BMO,3.46,-1.37,-0.29,-0.41,-42.61,,,8200000000.0,1.1,-0.087,-0.068,-0.042,-0.03,-0.013,-0.01,-0.03,-0.087,0.056,3.36,3.16,VinFast Auto Ltd.,Consumer Cyclical
ZM,Q3 FY26,2025-11-24 00:00:00,2025-11-24,OK,,AMC,78.6,3.8,0.81,2.01,148.23,20.71,13.25,23530000000.0,0.82,0.098,0.081,0.076,0.102,0.115,0.03,0.102,0.074,0.027,86.58,84.43,Zoom Communications Inc.,Technology
AMTM,Q3 FY25,2025-11-24 00:00:00,2025-11-24,OK,,AMC,25.37,0.27,0.59,0.63,6.49,108.32,10.82,7160000000.0,-0.31,0.182,0.128,0.132,0.153,0.137,0.372,0.182,0.112,0.071,30.0,28.21,"Amentum Holdings, Inc.",Industrials
WALD,,2025-11-24 00:00:00,2025-12-30,OK,,,2.88,-0.38,,,,,,377980000.0,-0.69,-0.111,-0.125,-0.188,-0.156,-0.253,-0.431,-0.087,-0.188,0.101,2.63,2.34,Waldencast plc,Consumer Defensive
KSS,Q3 FY26,2025-11-25 00:00:00,2025-11-25,OK,,BMO,15.65,1.83,-0.18,0.07,139.04,8.58,22.39,1760000000.0,1.52,0.532,0.534,0.46,0.465,0.51,0.19,0.571,0.435,0.135,24.58,22.46,Kohl's Corporation,Consumer Cyclical
TITN,Q3 FY26,2025-11-25 00:00:00,2025-11-25,OK,,BMO,16.45,-2.72,-0.3,0.05,116.53,,,432860000.0,1.24,0.137,0.03,0.007,-0.031,-0.01,0.001,0.137,-0.031,0.168,18.7,15.94,Titan Machinery Inc.,Industrials
MOV,Q3 FY26,2025-11-25 00:00:00,2025-11-25,OK,,BMO,19.13,0.97,0.57,0.42,-26.83,21.49,,328390000.0,0.91,0.095,0.095,0.09,0.099,0.102,0.191,0.099,0.077,0.022,21.02,20.6,"Movado Group, Inc.",Consumer Cyclical
GASS,Q3 FY25,2025-11-25 00:00:00,2025-11-25,OK,,BMO,6.82,1.71,0.31,0.36,16.13,3.97,5.34,250720000.0,0.26,-0.007,-0.001,0.01,0.031,-0.009,0.15,0.031,-0.007,0.038,7.03,6.77,StealthGas Inc.,Industrials
CMBT,Q3 FY25,2025-11-26 00:00:00,2025-11-26,OK,,BMO,10.15,1.23,0.07,-0.09,-222.43,8.16,6.37,2920000000.0,0.02,0.078,0.066,0.077,0.061,-0.031,0.13,0.091,0.048,0.042,11.07,10.64,Cmb.Tech NV,Energy
AEO,Q3 FY26,2025-12-02 00:00:00,2025-12-02,OK,,AMC,20.74,1.04,0.44,0.53,21.62,19.64,14.2,3450000000.0,1.42,0.151,0.108,0.148,0.204,0.313,0.227,0.204,0.076,0.127,24.96,22.32,"American Eagle Outfitters, Inc.",Consumer Cyclical
SCLX,Q3 FY25,2025-12-03 00:00:00,2025-11-14,OK,,,19.94,-33.08,,,,,6.16,145260000.0,1.34,-0.027,-0.101,-0.133,-0.166,-0.228,-0.431,-0.027,-0.166,0.139,19.4,16.63,Scilex Holding Company,Healthcare
FIVE,Q3 FY26,2025-12-03 00:00:00,2025-12-03,OK,,AMC,163.15,5.57,0.26,0.68,165.43,31.1,27.86,9550000000.0,1.15,0.032,0.07,0.086,0.124,0.094,0.206,0.124,0.032,0.092,183.41,168.42,"Five Below, Inc.",Consumer Cyclical
DOOO,Q3 FY26,2025-12-04 00:00:00,2025-12-04,OK,,BMO,70.56,0.24,1.24,1.59,28.61,324.28,17.77,5610000000.0,1.24,0.083,0.083,0.094,0.087,0.007,0.108,0.095,0.066,0.029,77.28,75.22,BRP Inc.,Consumer Cyclical
GCO,Q3 FY26,2025-12-04 00:00:00,2025-12-04,OK,,BMO,35.25,-2.45,0.86,0.79,-8.14,,16.18,387020000.0,1.75,-0.355,-0.336,-0.313,-0.329,-0.321,0.071,-0.313,-0.355,0.043,24.23,22.73,Genesco Inc.,Consumer Cyclical
DG,Q3 FY26,2025-12-04 00:00:00,2025-12-04,OK,,BMO,109.42,5.79,0.93,1.28,37.55,22.86,18.7,29140000000.0,0.27,0.205,0.142,0.207,0.21,0.244,0.359,0.212,0.131,0.081,132.64,123.74,Dollar General Corporation,Consumer Defensive
MAMA,Q3 FY26,2025-12-08 00:00:00,2025-12-08,OK,,AMC,11.18,0.12,-0.01,0.03,408.0,114.03,58.46,541910000.0,0.81,0.281,0.198,0.215,0.253,0.226,0.283,0.281,0.171,0.11,14.32,13.09,"Mama's Creations, Inc.",Consumer Defensive
TOL,Q4 FY25,2025-12-08 00:00:00,2025-12-08,OK,,AMC,135.95,13.56,4.88,4.58,-6.05,10.26,9.63,13410000000.0,1.42,-0.024,0.027,0.031,0.022,0.025,0.079,0.031,-0.024,0.055,140.2,132.73,"Toll Brothers, Inc.",Consumer Cyclical
CMP,Q4 FY25,2025-12-08 00:00:00,2025-12-08,OK,,AMC,20.63,-2.91,-0.23,-0.17,25.34,,35.44,842950000.0,1.18,-0.138,-0.142,-0.102,-0.081,-0.027,0.129,-0.08,-0.163,0.083,18.98,17.26,"Compass Minerals International, Inc.",Basic Materials
YEXT,Q3 FY26,2025-12-08 00:00:00,2025-12-08,OK,,AMC,8.82,-0.01,0.12,0.14,16.67,,14.01,1020000000.0,0.96,-0.045,-0.046,-0.057,-0.044,-0.052,-0.137,-0.035,-0.058,0.023,8.51,8.31,"Yext, Inc.",Technology
CASY,Q2 FY26,2025-12-09 00:00:00,2025-12-09,OK,,AMC,563.24,16.26,5.2,5.53,6.26,33.21,28.62,20020000000.0,0.67,-0.053,-0.041,-0.019,-0.028,0.007,0.137,-0.015,-0.053,0.038,554.73,533.18,"Casey's General Stores, Inc.",Consumer Cyclical
BRZE,Q3 FY26,2025-12-09 00:00:00,2025-12-09,OK,,AMC,30.65,-1.1,0.07,0.06,-8.62,,52.22,3720000000.0,1.1,0.181,0.081,0.107,0.163,0.172,-0.249,0.181,0.081,0.1,36.19,33.12,"Braze, Inc.",Technology
VBNK,Q4 FY25,2025-12-10 00:00:00,2025-12-10,OK,,BMO,12.62,0.65,0.24,0.24,-2.35,22.34,6.87,465180000.0,0.91,0.133,0.14,0.144,0.194,0.189,0.238,0.194,0.133,0.061,15.07,14.3,VersaBank,Financial Services
PLAB,Q4 FY25,2025-12-10 00:00:00,2025-12-10,OK,,BMO,25.69,2.29,0.45,0.6,34.83,15.83,15.72,2140000000.0,1.54,0.544,0.431,0.283,0.288,0.311,0.344,0.544,0.279,0.265,39.67,32.87,"Photronics, Inc.",Technology
ASYS,Q4 FY25,2025-12-10 00:00:00,2025-12-10,OK,,AMC,9.34,-2.12,0.01,0.1,1900.0,,,157640000.0,1.7,0.177,0.236,0.305,0.306,0.336,0.578,0.306,0.176,0.131,12.2,10.98,"Amtech Systems, Inc.",Technology
VZLA,Q2 FY26,2025-12-11 00:00:00,2025-12-11,OK,,AMC,5.36,-0.04,-0.01,-0.02,-33.33,,,1780000000.0,1.22,-0.034,-0.039,-0.049,0.078,0.104,0.149,0.078,-0.049,0.127,5.78,5.1,Vizsla Silver Corp.,Basic Materials
HOFT,Q3 FY26,2025-12-11 00:00:00,2025-12-11,OK,,BMO,10.78,-1.22,-0.14,-0.04,70.64,,9.12,115670000.0,1.41,-0.014,0.001,-0.02,0.025,0.041,0.183,0.025,-0.037,0.061,11.05,10.39,Hooker Furnishings Corporation,Consumer Cyclical
RENT,,2025-12-12 00:00:00,,,,,6.65,-1.21,,,,,,222050000.0,1.35,0.132,0.314,0.316,0.26,0.301,0.209,0.32,0.132,0.188,8.78,7.53,"Rent the Runway, Inc.",Consumer Cyclical
QIPT,,2025-12-15 00:00:00,2025-12-15,OK,,BMO,2.61,-0.25,-0.02,-0.08,-300.0,,,154990000.0,0.42,0.349,0.345,0.352,0.352,0.352,0.375,0.352,0.345,0.008,3.53,3.51,Quipt Home Medical Corp.,Healthcare
OGI,,2025-12-16 00:00:00,2025-12-16,OK,,BMO,1.8,-0.16,-0.01,-0.2,-2827.14,,38.45,271350000.0,1.47,0.172,0.117,-0.033,-0.006,-0.067,-0.106,0.172,-0.033,0.206,2.11,1.74,Organigram Global Inc.,Healthcare
CSPI,,2025-12-16 00:00:00,2026-02-10,OK,,,12.62,-0.01,,,,,,132820000.0,0.66,0.004,0.06,0.029,0.031,-0.01,-0.082,0.06,0.004,0.056,13.38,12.67,CSP Inc.,Technology
ABM,Q4 FY25,2025-12-17 00:00:00,2025-12-17,OK,,BMO,45.44,2.59,1.09,0.88,-18.96,18.66,10.84,2950000000.0,0.71,-0.05,-0.077,-0.078,-0.062,-0.067,-0.004,-0.05,-0.087,0.038,43.19,41.48,ABM Industries Incorporated,Industrials
JBL,Q1 FY26,2025-12-17 00:00:00,2025-12-17,OK,,BMO,212.56,6.43,2.73,2.85,4.36,35.24,16.89,24210000000.0,1.25,0.021,0.081,0.103,0.105,0.131,0.182,0.111,0.021,0.09,236.11,217.04,Jabil Inc.,Technology
MLKN,Q2 FY26,2025-12-17 00:00:00,2025-12-17,OK,,AMC,17.53,-0.39,0.41,0.43,5.74,,8.12,1240000000.0,1.29,0.079,0.041,0.033,0.05,0.042,0.101,0.079,0.03,0.05,18.92,18.05,"MillerKnoll, Inc.",Consumer Cyclical
KBH,Q4 FY25,2025-12-18 00:00:00,2025-12-18,OK,,AMC,62.75,6.16,1.79,1.92,7.36,10.19,9.93,4060000000.0,1.42,-0.085,-0.094,-0.087,-0.092,-0.075,-0.023,-0.085,-0.1,0.015,57.42,56.45,KB Home,Consumer Cyclical
ISSC,,2025-12-18 00:00:00,2025-12-18,OK,,BMO,10.99,0.87,0.11,0.39,254.55,19.06,24.79,292940000.0,0.67,0.511,0.722,0.765,0.791,0.75,1.018,0.791,0.511,0.279,19.68,16.61,"Innovative Aerosystems, Inc.",Industrials
OCC,,2025-12-18 00:00:00,2026-03-10,OK,,,5.5,-0.19,,,,,,44080000.0,0.6,-0.096,-0.193,-0.196,-0.175,-0.191,-0.207,-0.096,-0.216,0.12,4.97,4.31,Optical Cable Corporation,Technology
EBF,Q3 FY26,2025-12-22 00:00:00,2025-12-18,DATE PASSED,,,17.97,1.66,,,,10.92,11.3,463390000.0,0.36,-0.008,0.004,0.006,-0.012,-0.008,0.072,0.012,-0.012,0.024,18.19,17.75,"Ennis, Inc.",Industrials
AIR,Q2 FY26,2026-01-06 16:00:00,2026-01-06,OK,,AMC,89.46,0.79,1.03,1.18,14.19,111.05,16.74,3480000000.0,1.23,0.021,0.085,0.092,0.182,,0.175,0.182,0.021,0.161,105.74,91.34,AAR Corp.,Industrials
RELL,Q2 FY26,2026-01-07 16:00:00,2026-01-07,OK,,AMC,11.68,0.02,-0.02,-0.01,50.0,534.26,20.98,164880000.0,1.08,-0.117,-0.096,-0.081,-0.076,,-0.076,-0.073,-0.117,0.045,10.83,10.31,"Richardson Electronics, Ltd.",Technology
ICCC,Q4 FY25,2026-01-08 00:00:00,2026-01-08,OK,,AMC,6.57,0.26,,,,25.09,,59430000.0,0.31,-0.011,0.012,0.011,,,-0.032,0.015,-0.032,0.047,6.67,6.36,ImmuCell Corporation,Healthcare
NTIC,Q1 FY26,2026-01-08 08:30:00,2026-01-08,OK,,BMO,8.74,0.0,0.05,0.04,-20.0,,,82860000.0,0.21,0.001,0.025,0.095,,,0.069,0.095,0.001,0.094,9.57,8.75,Northern Technologies International Corporation,Basic Materials
SNX,Q4 FY25,2026-01-08 08:30:00,2026-01-08,OK,,BMO,150.52,9.22,2.86,3.04,6.3,16.62,10.52,12470000000.0,1.38,-0.004,0.033,-0.004,,,-0.003,0.033,-0.006,0.039,155.51,149.61,TD SYNNEX Corporation,Technology
SIFY,,2026-01-12 08:30:00,2026-01-12,OK,1/12/2026,BMO,14.99,,,,,,307.61,1080000000.0,1.18,-0.137,-0.016,,,,-0.048,-0.016,-0.137,0.121,14.75,12.94,Sify Technologies Limited,Communication Services
HOVR,,2026-01-14 08:30:00,2026-01-14,OK,1/14/2026,BMO,1.99,-0.62,-0.15,-0.21,-40.0,,,90620000.0,3.0,0.166,,,,,0.08,0.166,0.08,0.085,2.32,2.15,New Horizon Aircraft Ltd.,Industrials
RILY,,2026-01-14 16:00:00,2026-03-16,OK,1/14/2026,AMC,7.54,-7.44,,,,,,230700000.0,1.28,0.26,,,,,0.179,0.26,0.179,0.081,9.5,8.89,"BRC Group Holdings, Inc.",Financial Services
BLK,Q4 FY25,2026-01-15 08:30:00,2026-01-15,OK,,BMO,1091.85,38.48,12.19,13.16,7.94,28.31,20.26,178000000000.0,1.48,0.065,,,,,0.065,0.065,0.065,0.0,1163.17,1163.17,"BlackRock, Inc.",Financial Services
